<annotation>
	<folder>lidar-images</folder>
	<filename>DJI_20230109105426_0030_Zenmuse-L1-mission.JPG</filename>
	<path>/Users/wyw/Documents/文章二/github-code/data/lidar-images/DJI_20230109105426_0030_Zenmuse-L1-mission.JPG</path>
	<source>
		<database>Unknown</database>
	</source>
	<size>
		<width>5472</width>
		<height>3648</height>
		<depth>3</depth>
	</size>
	<segmented>0</segmented>
	<object>
		<name>cattle</name>
		<pose>Unspecified</pose>
		<truncated>0</truncated>
		<difficult>0</difficult>
		<bndbox>
			<xmin>3306</xmin>
			<ymin>257</ymin>
			<xmax>3994</xmax>
			<ymax>697</ymax>
		</bndbox>
	</object>
	<object>
		<name>cattle</name>
		<pose>Unspecified</pose>
		<truncated>0</truncated>
		<difficult>0</difficult>
		<bndbox>
			<xmin>2716</xmin>
			<ymin>973</ymin>
			<xmax>3262</xmax>
			<ymax>1439</ymax>
		</bndbox>
	</object>
	<object>
		<name>cattle</name>
		<pose>Unspecified</pose>
		<truncated>0</truncated>
		<difficult>0</difficult>
		<bndbox>
			<xmin>2047</xmin>
			<ymin>1481</ymin>
			<xmax>2587</xmax>
			<ymax>1977</ymax>
		</bndbox>
	</object>
	<object>
		<name>cattle</name>
		<pose>Unspecified</pose>
		<truncated>0</truncated>
		<difficult>0</difficult>
		<bndbox>
			<xmin>944</xmin>
			<ymin>1613</ymin>
			<xmax>1642</xmax>
			<ymax>1948</ymax>
		</bndbox>
	</object>
	<object>
		<name>cattle</name>
		<pose>Unspecified</pose>
		<truncated>0</truncated>
		<difficult>0</difficult>
		<bndbox>
			<xmin>948</xmin>
			<ymin>717</ymin>
			<xmax>1414</xmax>
			<ymax>1319</ymax>
		</bndbox>
	</object>
	<object>
		<name>cattle</name>
		<pose>Unspecified</pose>
		<truncated>0</truncated>
		<difficult>0</difficult>
		<bndbox>
			<xmin>1513</xmin>
			<ymin>16</ymin>
			<xmax>1974</xmax>
			<ymax>658</ymax>
		</bndbox>
	</object>
	<object>
		<name>cattle</name>
		<pose>Unspecified</pose>
		<truncated>0</truncated>
		<difficult>0</difficult>
		<bndbox>
			<xmin>1726</xmin>
			<ymin>189</ymin>
			<xmax>2167</xmax>
			<ymax>841</ymax>
		</bndbox>
	</object>
	<object>
		<name>cattle</name>
		<pose>Unspecified</pose>
		<truncated>0</truncated>
		<difficult>0</difficult>
		<bndbox>
			<xmin>1887</xmin>
			<ymin>2086</ymin>
			<xmax>2542</xmax>
			<ymax>2399</ymax>
		</bndbox>
	</object>
	<object>
		<name>cattle</name>
		<pose>Unspecified</pose>
		<truncated>0</truncated>
		<difficult>0</difficult>
		<bndbox>
			<xmin>1234</xmin>
			<ymin>2028</ymin>
			<xmax>1929</xmax>
			<ymax>2343</ymax>
		</bndbox>
	</object>
	<object>
		<name>cattle</name>
		<pose>Unspecified</pose>
		<truncated>0</truncated>
		<difficult>0</difficult>
		<bndbox>
			<xmin>3679</xmin>
			<ymin>1057</ymin>
			<xmax>4166</xmax>
			<ymax>1797</ymax>
		</bndbox>
	</object>
</annotation>
