<annotation>
	<folder>lidar-images</folder>
	<filename>DJI_20230109105429_0031_Zenmuse-L1-mission.JPG</filename>
	<path>/Users/wyw/Documents/文章二/github-code/data/lidar-images/DJI_20230109105429_0031_Zenmuse-L1-mission.JPG</path>
	<source>
		<database>Unknown</database>
	</source>
	<size>
		<width>5472</width>
		<height>3648</height>
		<depth>3</depth>
	</size>
	<segmented>0</segmented>
	<object>
		<name>cattle</name>
		<pose>Unspecified</pose>
		<truncated>0</truncated>
		<difficult>0</difficult>
		<bndbox>
			<xmin>978</xmin>
			<ymin>734</ymin>
			<xmax>1388</xmax>
			<ymax>1428</ymax>
		</bndbox>
	</object>
	<object>
		<name>cattle</name>
		<pose>Unspecified</pose>
		<truncated>0</truncated>
		<difficult>0</difficult>
		<bndbox>
			<xmin>2417</xmin>
			<ymin>991</ymin>
			<xmax>3016</xmax>
			<ymax>1532</ymax>
		</bndbox>
	</object>
	<object>
		<name>cattle</name>
		<pose>Unspecified</pose>
		<truncated>0</truncated>
		<difficult>0</difficult>
		<bndbox>
			<xmin>1650</xmin>
			<ymin>878</ymin>
			<xmax>2152</xmax>
			<ymax>1536</ymax>
		</bndbox>
	</object>
	<object>
		<name>cattle</name>
		<pose>Unspecified</pose>
		<truncated>0</truncated>
		<difficult>0</difficult>
		<bndbox>
			<xmin>3187</xmin>
			<ymin>1515</ymin>
			<xmax>3903</xmax>
			<ymax>1849</ymax>
		</bndbox>
	</object>
	<object>
		<name>cattle</name>
		<pose>Unspecified</pose>
		<truncated>0</truncated>
		<difficult>0</difficult>
		<bndbox>
			<xmin>2611</xmin>
			<ymin>2139</ymin>
			<xmax>3151</xmax>
			<ymax>2605</ymax>
		</bndbox>
	</object>
	<object>
		<name>cattle</name>
		<pose>Unspecified</pose>
		<truncated>0</truncated>
		<difficult>0</difficult>
		<bndbox>
			<xmin>3563</xmin>
			<ymin>2276</ymin>
			<xmax>3985</xmax>
			<ymax>2938</ymax>
		</bndbox>
	</object>
	<object>
		<name>cattle</name>
		<pose>Unspecified</pose>
		<truncated>0</truncated>
		<difficult>0</difficult>
		<bndbox>
			<xmin>1927</xmin>
			<ymin>2620</ymin>
			<xmax>2484</xmax>
			<ymax>3129</ymax>
		</bndbox>
	</object>
	<object>
		<name>cattle</name>
		<pose>Unspecified</pose>
		<truncated>0</truncated>
		<difficult>0</difficult>
		<bndbox>
			<xmin>847</xmin>
			<ymin>2739</ymin>
			<xmax>1549</xmax>
			<ymax>3094</ymax>
		</bndbox>
	</object>
	<object>
		<name>cattle</name>
		<pose>Unspecified</pose>
		<truncated>0</truncated>
		<difficult>0</difficult>
		<bndbox>
			<xmin>1148</xmin>
			<ymin>3123</ymin>
			<xmax>1868</xmax>
			<ymax>3473</ymax>
		</bndbox>
	</object>
	<object>
		<name>cattle</name>
		<pose>Unspecified</pose>
		<truncated>0</truncated>
		<difficult>0</difficult>
		<bndbox>
			<xmin>1783</xmin>
			<ymin>3204</ymin>
			<xmax>2416</xmax>
			<ymax>3545</ymax>
		</bndbox>
	</object>
	<object>
		<name>cattle</name>
		<pose>Unspecified</pose>
		<truncated>0</truncated>
		<difficult>0</difficult>
		<bndbox>
			<xmin>840</xmin>
			<ymin>1868</ymin>
			<xmax>1319</xmax>
			<ymax>2488</ymax>
		</bndbox>
	</object>
	<object>
		<name>cattle</name>
		<pose>Unspecified</pose>
		<truncated>0</truncated>
		<difficult>0</difficult>
		<bndbox>
			<xmin>1599</xmin>
			<ymin>1391</ymin>
			<xmax>2062</xmax>
			<ymax>1995</ymax>
		</bndbox>
	</object>
	<object>
		<name>cattle</name>
		<pose>Unspecified</pose>
		<truncated>0</truncated>
		<difficult>0</difficult>
		<bndbox>
			<xmin>1425</xmin>
			<ymin>1203</ymin>
			<xmax>1875</xmax>
			<ymax>1817</ymax>
		</bndbox>
	</object>
	<object>
		<name>cattle</name>
		<pose>Unspecified</pose>
		<truncated>0</truncated>
		<difficult>0</difficult>
		<bndbox>
			<xmin>1901</xmin>
			<ymin>925</ymin>
			<xmax>2527</xmax>
			<ymax>1384</ymax>
		</bndbox>
	</object>
</annotation>
